asset_id,shot_ids,slug,angle_light_directive,asset_prompt_suffix,generate_with,postprocess_and_QA,state,output_path,model_used,alpha_verified,manual_qa
A01,S01,founder_fullbody_threequarter_cutout,"50mm eye level, three-quarter standing, warm daylight, isolated","Saudi small-business founder in tasteful modern thobe and neutral sneakers, energetic forward-preparation posture with leather file folder, whole body and hands, no reference runner recreation",Create Image (GPT Images 2.5 when verifiably available),Native full-alpha PNG layer; edges and anatomy checked; no image-generated text; log model and prompt,COMPOSITE_REVIEWED,assets/generated/A01_founder_fullbody_threequarter_cutout.png,native image_gen; model identity not exposed,true,"Original tool images inspected, individual PNG exists, generated alpha preserved, final assembled scene reviewed. Shadow haze retained selectively as material contact. No alternate hero generation claimed."
A02,S01,business_start_line_environment,"35mm waist height, clean plate","Original physical running-track-inspired business transition area, red-brown lines on warm stone plaza and sky, completely empty, no lettering, physically plausible perspective",Create Image (GPT Images 2.5 when verifiably available),Native full-alpha PNG layer; edges and anatomy checked; no image-generated text; log model and prompt,COMPOSITE_REVIEWED,assets/generated/A02_business_start_line_environment.png,native image_gen; model identity not exposed,false,"Original tool images inspected, individual PNG exists, generated alpha preserved, final assembled scene reviewed. Shadow haze retained selectively as material contact. No alternate hero generation claimed."
A03,S02,manager_front_worried,50mm centered frontal seated,"Saudi marketing operations manager in charcoal blazer and crisp white shirt seated on simple office chair, thoughtful overwhelmed expression and hands to temples, full body cutout centered",Create Image (GPT Images 2.5 when verifiably available),Native full-alpha PNG layer; edges and anatomy checked; no image-generated text; log model and prompt,COMPOSITE_REVIEWED,assets/generated/A03_manager_front_worried.png,native image_gen; model identity not exposed,true,"Original tool images inspected, individual PNG exists, generated alpha preserved, final assembled scene reviewed. Shadow haze retained selectively as material contact. No alternate hero generation claimed."
A04,S02,hand_blank_clipboard,85mm close front,"Single professionally dressed forearm entering from frame left holding one entirely blank clipboard, proper arm anatomy and clean silhouette",Create Image (GPT Images 2.5 when verifiably available),Native full-alpha PNG layer; edges and anatomy checked; no image-generated text; log model and prompt,COMPOSITE_REVIEWED,assets/generated/A04_hand_blank_clipboard.png,native image_gen; model identity not exposed,true,"Original tool images inspected, individual PNG exists, generated alpha preserved, final assembled scene reviewed. Shadow haze retained selectively as material contact. No alternate hero generation claimed."
A05,S02,hand_blank_mobile,85mm close front,Single right arm entering from frame right holding an unbranded smartphone with completely empty off-white screen,Create Image (GPT Images 2.5 when verifiably available),Native full-alpha PNG layer; edges and anatomy checked; no image-generated text; log model and prompt,COMPOSITE_REVIEWED,assets/generated/A05_hand_blank_mobile.png,native image_gen; model identity not exposed,true,"Original tool images inspected, individual PNG exists, generated alpha preserved, final assembled scene reviewed. Shadow haze retained selectively as material contact. No alternate hero generation claimed."
A06,S02,hand_blank_monitor,50mm 3-quarter,"Two realistic hands carrying a small independent blank framed tablet, photographed plane separately, no UI text",Create Image (GPT Images 2.5 when verifiably available),Native full-alpha PNG layer; edges and anatomy checked; no image-generated text; log model and prompt,COMPOSITE_REVIEWED,assets/generated/A06_hand_blank_monitor.png,native image_gen; model identity not exposed,true,"Original tool images inspected, individual PNG exists, generated alpha preserved, final assembled scene reviewed. Shadow haze retained selectively as material contact. No alternate hero generation claimed."
A07,S02,hand_blank_folder,85mm close side,"One human hand presenting a real paper file folder from above right, crisp paper edge and naturally bent knuckles",Create Image (GPT Images 2.5 when verifiably available),Native full-alpha PNG layer; edges and anatomy checked; no image-generated text; log model and prompt,COMPOSITE_REVIEWED,assets/generated/A07_hand_blank_folder.png,native image_gen; model identity not exposed,true,"Original tool images inspected, individual PNG exists, generated alpha preserved, final assembled scene reviewed. Shadow haze retained selectively as material contact. No alternate hero generation claimed."
A08,S03,topdown_desk_empty,90-degree orthographic overhead,"Empty medium-dark wooden operations desk, realistic warm morning window shadow, areas free for three work zones, no letters",Create Image (GPT Images 2.5 when verifiably available),Native full-alpha PNG layer; edges and anatomy checked; no image-generated text; log model and prompt,COMPOSITE_REVIEWED,assets/generated/A08_topdown_desk_empty.png,native image_gen; model identity not exposed,false,"Original tool images inspected, individual PNG exists, generated alpha preserved, final assembled scene reviewed. Shadow haze retained selectively as material contact. No alternate hero generation claimed."
A09,S03,topdown_person_chat,true 90-degree overhead,"Saudi operations staffer seated on one side of desk hands on bare laptop keyboard and small mobile phone, photograph from exactly above, isolated",Create Image (GPT Images 2.5 when verifiably available),Native full-alpha PNG layer; edges and anatomy checked; no image-generated text; log model and prompt,COMPOSITE_REVIEWED,assets/generated/A09_topdown_person_chat.png,native image_gen; model identity not exposed,true,"Original tool images inspected, individual PNG exists, generated alpha preserved, final assembled scene reviewed. Shadow haze retained selectively as material contact. No alternate hero generation claimed."
A10,S03,topdown_person_content,true 90-degree overhead,"Creative producer seated at desk with color swatch cards and empty storyboard paper, arms and upper body visible from directly above, isolated",Create Image (GPT Images 2.5 when verifiably available),Native full-alpha PNG layer; edges and anatomy checked; no image-generated text; log model and prompt,COMPOSITE_REVIEWED,assets/generated/A10_topdown_person_content.png,native image_gen; model identity not exposed,true,"Original tool images inspected, individual PNG exists, generated alpha preserved, final assembled scene reviewed. Shadow haze retained selectively as material contact. No alternate hero generation claimed."
A11,S03,topdown_person_analytics,true 90-degree overhead,"Analyst in neutral business casual writing with pencil on clean empty chart paper from overhead, isolated and physically proportioned",Create Image (GPT Images 2.5 when verifiably available),Native full-alpha PNG layer; edges and anatomy checked; no image-generated text; log model and prompt,COMPOSITE_REVIEWED,assets/generated/A11_topdown_person_analytics.png,native image_gen; model identity not exposed,true,"Original tool images inspected, individual PNG exists, generated alpha preserved, final assembled scene reviewed. Shadow haze retained selectively as material contact. No alternate hero generation claimed."
A12,S04,worker_central_base,50mm straight front whole figure,"Office worker standing confident but tired in natural posture wearing plain white shirt and neutral trousers, full-body cutout with clean edges, never reference identity",Create Image (GPT Images 2.5 when verifiably available),Native full-alpha PNG layer; edges and anatomy checked; no image-generated text; log model and prompt,COMPOSITE_REVIEWED,assets/generated/A12_worker_central_base.png,native image_gen; model identity not exposed,true,"Original tool images inspected, individual PNG exists, generated alpha preserved, final assembled scene reviewed. Shadow haze retained selectively as material contact. No alternate hero generation claimed."
A13,S04,workwear_layer_thobe,same camera as A12,"Photoreal isolated long white Saudi thobe garment section on mannequin-like torso, cropped for paper collage garment splice, consistent size and perspective",Create Image (GPT Images 2.5 when verifiably available),Native full-alpha PNG layer; edges and anatomy checked; no image-generated text; log model and prompt,COMPOSITE_REVIEWED,assets/generated/A13_workwear_layer_thobe.png,native image_gen; model identity not exposed,true,"Original tool images inspected, individual PNG exists, generated alpha preserved, final assembled scene reviewed. Shadow haze retained selectively as material contact. No alternate hero generation claimed."
A14,S04,workwear_layer_blazer,same camera as A12,Isolated charcoal suit upper torso garment photographed straight front on blank neutral background for physical outfit splice,Create Image (GPT Images 2.5 when verifiably available),Native full-alpha PNG layer; edges and anatomy checked; no image-generated text; log model and prompt,COMPOSITE_REVIEWED,assets/generated/A14_workwear_layer_blazer.png,native image_gen; model identity not exposed,true,"Original tool images inspected, individual PNG exists, generated alpha preserved, final assembled scene reviewed. Shadow haze retained selectively as material contact. No alternate hero generation claimed."
A15,S04,workwear_layer_casual,same camera as A12,"Isolated casual denim and understated sneaker lower-body garment section, photoreal paper-splice framing",Create Image (GPT Images 2.5 when verifiably available),Native full-alpha PNG layer; edges and anatomy checked; no image-generated text; log model and prompt,COMPOSITE_REVIEWED,assets/generated/A15_workwear_layer_casual.png,native image_gen; model identity not exposed,true,"Original tool images inspected, individual PNG exists, generated alpha preserved, final assembled scene reviewed. Shadow haze retained selectively as material contact. No alternate hero generation claimed."
A16,S04,hands_copy_paste,straight front closeup,"Pair of physically realistic separate office-worker arms carrying blank printed task cards from left to right, neutral wardrobe, no branding",Create Image (GPT Images 2.5 when verifiably available),Native full-alpha PNG layer; edges and anatomy checked; no image-generated text; log model and prompt,COMPOSITE_REVIEWED,assets/generated/A16_hands_copy_paste.png,native image_gen; model identity not exposed,true,"Original tool images inspected, individual PNG exists, generated alpha preserved, final assembled scene reviewed. Shadow haze retained selectively as material contact. No alternate hero generation claimed."
A17,S06,customer_person_1,50mm full-length front,"Saudi male customer with subtle regional business dress holding one shopping inquiry card, friendly authentic expression",Create Image (GPT Images 2.5 when verifiably available),Native full-alpha PNG layer; edges and anatomy checked; no image-generated text; log model and prompt,COMPOSITE_REVIEWED,assets/generated/A17_customer_person_1.png,native image_gen; model identity not exposed,true,"Original tool images inspected, individual PNG exists, generated alpha preserved, final assembled scene reviewed. Shadow haze retained selectively as material contact. No alternate hero generation claimed."
A18,S06,customer_person_2,50mm full-length slight right,"Saudi female professional wearing modest elegant work attire in warm neutrals holding empty smartphone, authentic details",Create Image (GPT Images 2.5 when verifiably available),Native full-alpha PNG layer; edges and anatomy checked; no image-generated text; log model and prompt,COMPOSITE_REVIEWED,assets/generated/A18_customer_person_2.png,native image_gen; model identity not exposed,true,"Original tool images inspected, individual PNG exists, generated alpha preserved, final assembled scene reviewed. Shadow haze retained selectively as material contact. No alternate hero generation claimed."
A19,S06,customer_person_3,50mm full-length slight left,"Young GCC business decision-maker in neutral modern officewear, realistic candid pose with blank paperwork",Create Image (GPT Images 2.5 when verifiably available),Native full-alpha PNG layer; edges and anatomy checked; no image-generated text; log model and prompt,COMPOSITE_REVIEWED,assets/generated/A19_customer_person_3.png,native image_gen; model identity not exposed,true,"Original tool images inspected, individual PNG exists, generated alpha preserved, final assembled scene reviewed. Shadow haze retained selectively as material contact. No alternate hero generation claimed."
A20,S07,paper_request_slips_blank,macro / near overhead,"Fan of slightly curled unprinted office request slips and paper tickets on parchment, empty surfaces for motion-design type",Create Image (GPT Images 2.5 when verifiably available),Native full-alpha PNG layer; edges and anatomy checked; no image-generated text; log model and prompt,COMPOSITE_REVIEWED,assets/generated/A20_paper_request_slips_blank.png,native image_gen; model identity not exposed,true,"Original tool images inspected, individual PNG exists, generated alpha preserved, final assembled scene reviewed. Shadow haze retained selectively as material contact. No alternate hero generation claimed."
A21,S07,overhead_sorting_hands,true overhead close,"Two independently isolatable natural human hands sorting small blank client cards on warm desk, anatomically correct and touching paper",Create Image (GPT Images 2.5 when verifiably available),Native full-alpha PNG layer; edges and anatomy checked; no image-generated text; log model and prompt,COMPOSITE_REVIEWED,assets/generated/A21_overhead_sorting_hands.png,native image_gen; model identity not exposed,true,"Original tool images inspected, individual PNG exists, generated alpha preserved, final assembled scene reviewed. Shadow haze retained selectively as material contact. No alternate hero generation claimed."
A22,S07,contract_folders_blank,overhead,"Sparse stacked real cream and burgundy file folders, no stamps, labels, or fictional official crests",Create Image (GPT Images 2.5 when verifiably available),Native full-alpha PNG layer; edges and anatomy checked; no image-generated text; log model and prompt,COMPOSITE_REVIEWED,assets/generated/A22_contract_folders_blank.png,native image_gen; model identity not exposed,true,"Original tool images inspected, individual PNG exists, generated alpha preserved, final assembled scene reviewed. Shadow haze retained selectively as material contact. No alternate hero generation claimed."
A23,S08,blank_realistic_monitor,"straight 50mm, full monitor","Single realistic matte metal desktop monitor on desk with entirely neutral pale screen for later composited mock UI, slight frontal perspective",Create Image (GPT Images 2.5 when verifiably available),Native full-alpha PNG layer; edges and anatomy checked; no image-generated text; log model and prompt,COMPOSITE_REVIEWED,assets/generated/A23_blank_realistic_monitor.png,native image_gen; model identity not exposed,true,"Original tool images inspected, individual PNG exists, generated alpha preserved, final assembled scene reviewed. Shadow haze retained selectively as material contact. No alternate hero generation claimed."
A24,S08,blank_phone_threequarter,3/4 50mm,"Separate dark unbranded smartphone cutout with completely blank screen, realistic glass reflections and no fake brand buttons",Create Image (GPT Images 2.5 when verifiably available),Native full-alpha PNG layer; edges and anatomy checked; no image-generated text; log model and prompt,COMPOSITE_REVIEWED,assets/generated/A24_blank_phone_threequarter.png,native image_gen; model identity not exposed,true,"Original tool images inspected, individual PNG exists, generated alpha preserved, final assembled scene reviewed. Shadow haze retained selectively as material contact. No alternate hero generation claimed."
A25,S09,analog_post_cards_blank,70mm overhead 25 degree tilt,"Several individual blank physical social campaign printouts photographed as separate non-overlapping square white cards, crop one item per output",Create Image (GPT Images 2.5 when verifiably available),Native full-alpha PNG layer; edges and anatomy checked; no image-generated text; log model and prompt,COMPOSITE_REVIEWED,assets/generated/A25_analog_post_cards_blank.png,native image_gen; model identity not exposed,true,"Original tool images inspected, individual PNG exists, generated alpha preserved, final assembled scene reviewed. Shadow haze retained selectively as material contact. No alternate hero generation claimed."
A26,S09,campaign_report_cards_blank,50mm threequarter,"Physical printout chart report with empty placeholders but NO numerical data, numbers and Arabic type to be inserted later",Create Image (GPT Images 2.5 when verifiably available),Native full-alpha PNG layer; edges and anatomy checked; no image-generated text; log model and prompt,COMPOSITE_REVIEWED,assets/generated/A26_campaign_report_cards_blank.png,native image_gen; model identity not exposed,true,"Original tool images inspected, individual PNG exists, generated alpha preserved, final assembled scene reviewed. Shadow haze retained selectively as material contact. No alternate hero generation claimed."
A27,S09 S10,content_preview_1,50mm front printed card,One artistic campaign photograph of real elegant Saudi retail product still life suitable to place within separate off-white social card later; no logos or text,Create Image (GPT Images 2.5 when verifiably available),Native full-alpha PNG layer; edges and anatomy checked; no image-generated text; log model and prompt,COMPOSITE_REVIEWED,assets/generated/A27_content_preview_1.png,native image_gen; model identity not exposed,true,"Original tool images inspected, individual PNG exists, generated alpha preserved, final assembled scene reviewed. Shadow haze retained selectively as material contact. No alternate hero generation claimed."
A28,S09 S10,content_preview_2,50mm front printed card,"One editorial photo portrait of a neutral fictional shop owner preparing an order, warm daylight, culturally authentic, suitable as social post art only",Create Image (GPT Images 2.5 when verifiably available),Native full-alpha PNG layer; edges and anatomy checked; no image-generated text; log model and prompt,COMPOSITE_REVIEWED,assets/generated/A28_content_preview_2.png,native image_gen; model identity not exposed,true,"Original tool images inspected, individual PNG exists, generated alpha preserved, final assembled scene reviewed. Shadow haze retained selectively as material contact. No alternate hero generation claimed."
A29,S09 S10,campaign_mockup_1,50mm front printed card,"Single creative visual of realistic skincare packaging with no brand marks, warm background photo suitable for a physical moodboard, no text",Create Image (GPT Images 2.5 when verifiably available),Native full-alpha PNG layer; edges and anatomy checked; no image-generated text; log model and prompt,COMPOSITE_REVIEWED,assets/generated/A29_campaign_mockup_1.png,native image_gen; model identity not exposed,true,"Original tool images inspected, individual PNG exists, generated alpha preserved, final assembled scene reviewed. Shadow haze retained selectively as material contact. No alternate hero generation claimed."
A30,S09 S10,campaign_mockup_2,50mm front printed card,"Single photographic image of neutral artisanal cafe products on wooden table with no brand mark, campaign concept asset only",Create Image (GPT Images 2.5 when verifiably available),Native full-alpha PNG layer; edges and anatomy checked; no image-generated text; log model and prompt,COMPOSITE_REVIEWED,assets/generated/A30_campaign_mockup_2.png,native image_gen; model identity not exposed,true,"Original tool images inspected, individual PNG exists, generated alpha preserved, final assembled scene reviewed. Shadow haze retained selectively as material contact. No alternate hero generation claimed."
A31,S11,team_lead_strategy_board,50mm threequarter full body,"Saudi agency strategy lead in simple business casual pointing toward one separate completely blank light paper planning board, calm decisive presence",Create Image (GPT Images 2.5 when verifiably available),Native full-alpha PNG layer; edges and anatomy checked; no image-generated text; log model and prompt,COMPOSITE_REVIEWED,assets/generated/A31_team_lead_strategy_board.png,native image_gen; model identity not exposed,true,"Original tool images inspected, individual PNG exists, generated alpha preserved, final assembled scene reviewed. Shadow haze retained selectively as material contact. No alternate hero generation claimed."
A32,S01 S05 S11 S12,seamless_cream_paper,flat top-down scan / procedural,"Uniform lightly fibrous warm ivory handmade paper, subtle visible fibers at macro scale only, sparse irregularities, seamless, avoid dirty heavy grain and brown blotches",Create Image (GPT Images 2.5 when verifiably available),Native full-alpha PNG layer; edges and anatomy checked; no image-generated text; log model and prompt,COMPOSITE_REVIEWED,assets/generated/A32_seamless_cream_paper.png,native image_gen; model identity not exposed,false,"Original tool images inspected, individual PNG exists, generated alpha preserved, final assembled scene reviewed. Shadow haze retained selectively as material contact. No alternate hero generation claimed."
